--   AoGZZeIk

INSERT INTO PUBLIC.FOOTBALL_TEAM
(ID, NAME, CHAMPIONSHIP)
VALUES(1, 'Сельта', 'LA');

INSERT INTO PUBLIC.FOOTBALL_BOOKIE_STATS
(ID, DRAW_RATE, GUEST_RATE, HOME_RATE)
VALUES(50, 9, 21, 1.12);

INSERT INTO PUBLIC.FOOTBALL_REFEREE
(ID, NAME)
VALUES(16, 'Лопес М. (Исп)');



INSERT INTO PUBLIC.FOOTBALL_PERIOD
(ID, GUEST_SCORE, HOME_SCORE, PERIOD_STATUS, TOTAL_SCORE, WINNER, GUEST_CORNERS, GUEST_FOULS, GUEST_HITS, GUEST_HITS_ON_TARGET, GUEST_OFFSIDES, GUEST_POSSESSION, HOME_CORNERS, HOME_FOULS, HOME_HITS, HOME_HITS_ON_TARGET, HOME_OFFSIDES, HOME_POSSESSION)
VALUES(142, 1, 1, 'FIRST', 2, 'DRAW', 0, 1, 6, 2, 1, 37, 3, 7, 9, 3, 2, 63);

INSERT INTO PUBLIC.FOOTBALL_PERIOD
(ID, GUEST_SCORE, HOME_SCORE, PERIOD_STATUS, TOTAL_SCORE, WINNER, GUEST_CORNERS, GUEST_FOULS, GUEST_HITS, GUEST_HITS_ON_TARGET, GUEST_OFFSIDES, GUEST_POSSESSION, HOME_CORNERS, HOME_FOULS, HOME_HITS, HOME_HITS_ON_TARGET, HOME_OFFSIDES, HOME_POSSESSION)
VALUES(144, 1, 1, 'SECOND', 2, 'DRAW', 1, 11, 4, 3, 0, 35, 1, 4, 13, 4, 1, 65);


INSERT INTO PUBLIC.FOOTBALL_PERIOD
(ID, GUEST_SCORE, HOME_SCORE, PERIOD_STATUS, TOTAL_SCORE, WINNER, GUEST_CORNERS, GUEST_FOULS, GUEST_HITS, GUEST_HITS_ON_TARGET, GUEST_OFFSIDES, GUEST_POSSESSION, HOME_CORNERS, HOME_FOULS, HOME_HITS, HOME_HITS_ON_TARGET, HOME_OFFSIDES, HOME_POSSESSION)
VALUES(143, 2, 2, 'MATCH', 4, 'DRAW', 1, 12, 10, 5, 1, 36, 4, 11, 22, 7, 3, 64);


INSERT INTO PUBLIC.FOOTBALL_MATCH_INFO
(ID, FIRST_PERIOD_ID, MATCH_ID, SECOND_PERIOD_ID)
VALUES(50, 142, 143, 144);


INSERT INTO PUBLIC.FOOTBALL_MATCH
(ID, CHAMPIONSHIP, "DATE", MYSCORE_CODE, SEASON, BOOKIE_STATS_ID, GUEST_TEAM_ID, HOME_TEAM_ID, MATCH_INFO_ID, REFEREE_ID)
VALUES(50, 'LA', '2017-12-02 15:00:00.000', 'AoGZZeIk', 'S2017', 50, 1, 8, 50, 16);


INSERT INTO PUBLIC.FOOTBALL_CARD (ID, MINUTE, TYPE, WHO, TEAM_ID) VALUES (261, 1, 'YELLOW', 'HOME', 8);
INSERT INTO PUBLIC.FOOTBALL_CARD (ID, MINUTE, TYPE, WHO, TEAM_ID) VALUES (262, 74, 'YELLOW', 'GUEST', 1);
INSERT INTO PUBLIC.FOOTBALL_CARD (ID, MINUTE, TYPE, WHO, TEAM_ID) VALUES (263, 81, 'YELLOW', 'GUEST', 1);
INSERT INTO PUBLIC.FOOTBALL_CARD (ID, MINUTE, TYPE, WHO, TEAM_ID) VALUES (264, 87, 'YELLOW', 'GUEST', 1);
INSERT INTO PUBLIC.FOOTBALL_CARD (ID, MINUTE, TYPE, WHO, TEAM_ID) VALUES (265, 95, 'YELLOW', 'GUEST', 1);
INSERT INTO PUBLIC.FOOTBALL_CARD (ID, MINUTE, TYPE, WHO, TEAM_ID) VALUES (266, 86, 'YELLOW', 'GUEST', 1);
INSERT INTO PUBLIC.FOOTBALL_CARD (ID, MINUTE, TYPE, WHO, TEAM_ID) VALUES (267, 88, 'YELLOW', 'GUEST', 1);
INSERT INTO PUBLIC.FOOTBALL_CARD (ID, MINUTE, TYPE, WHO, TEAM_ID) VALUES (268, 83, 'YELLOW', 'HOME', 8);
INSERT INTO PUBLIC.FOOTBALL_CARD (ID, MINUTE, TYPE, WHO, TEAM_ID) VALUES (269, 96, 'YELLOW', 'HOME', 8);


INSERT INTO PUBLIC.FOOTBALL_PERIOD_CARDS (FOOTBALL_PERIOD_ID, CARDS_ID) VALUES (142, 261);
INSERT INTO PUBLIC.FOOTBALL_PERIOD_CARDS (FOOTBALL_PERIOD_ID, CARDS_ID) VALUES (144, 262);
INSERT INTO PUBLIC.FOOTBALL_PERIOD_CARDS (FOOTBALL_PERIOD_ID, CARDS_ID) VALUES (144, 263);
INSERT INTO PUBLIC.FOOTBALL_PERIOD_CARDS (FOOTBALL_PERIOD_ID, CARDS_ID) VALUES (144, 264);
INSERT INTO PUBLIC.FOOTBALL_PERIOD_CARDS (FOOTBALL_PERIOD_ID, CARDS_ID) VALUES (144, 265);
INSERT INTO PUBLIC.FOOTBALL_PERIOD_CARDS (FOOTBALL_PERIOD_ID, CARDS_ID) VALUES (144, 266);
INSERT INTO PUBLIC.FOOTBALL_PERIOD_CARDS (FOOTBALL_PERIOD_ID, CARDS_ID) VALUES (144, 267);
INSERT INTO PUBLIC.FOOTBALL_PERIOD_CARDS (FOOTBALL_PERIOD_ID, CARDS_ID) VALUES (144, 268);
INSERT INTO PUBLIC.FOOTBALL_PERIOD_CARDS (FOOTBALL_PERIOD_ID, CARDS_ID) VALUES (144, 269);




