--   82s4vH8r

INSERT INTO PUBLIC.FOOTBALL_TEAM
(ID, NAME, CHAMPIONSHIP)
VALUES(18, 'Атлетико', 'LA');

INSERT INTO PUBLIC.FOOTBALL_BOOKIE_STATS
(ID, DRAW_RATE, GUEST_RATE, HOME_RATE)
VALUES(107, 3.3, 2.4, 3);

INSERT INTO PUBLIC.FOOTBALL_PERIOD
(ID, GUEST_SCORE, HOME_SCORE, PERIOD_STATUS, TOTAL_SCORE, WINNER, GUEST_CORNERS, GUEST_FOULS, GUEST_HITS, GUEST_HITS_ON_TARGET, GUEST_OFFSIDES, GUEST_POSSESSION, HOME_CORNERS, HOME_FOULS, HOME_HITS, HOME_HITS_ON_TARGET, HOME_OFFSIDES, HOME_POSSESSION)
VALUES(313, 0, 1, 'FIRST', 1, 'HOME', 1, 4, 5, 1, 2, 71, 1, 5, 3, 3, 1, 29);


INSERT INTO PUBLIC.FOOTBALL_PERIOD
(ID, GUEST_SCORE, HOME_SCORE, PERIOD_STATUS, TOTAL_SCORE, WINNER, GUEST_CORNERS, GUEST_FOULS, GUEST_HITS, GUEST_HITS_ON_TARGET, GUEST_OFFSIDES, GUEST_POSSESSION, HOME_CORNERS, HOME_FOULS, HOME_HITS, HOME_HITS_ON_TARGET, HOME_OFFSIDES, HOME_POSSESSION)
VALUES(315, 1, 0, 'SECOND', 1, 'GUEST', 0, 6, 10, 6, 0, 67, 1, 7, 2, 1, 1, 33);


INSERT INTO PUBLIC.FOOTBALL_PERIOD
(ID, GUEST_SCORE, HOME_SCORE, PERIOD_STATUS, TOTAL_SCORE, WINNER, GUEST_CORNERS, GUEST_FOULS, GUEST_HITS, GUEST_HITS_ON_TARGET, GUEST_OFFSIDES, GUEST_POSSESSION, HOME_CORNERS, HOME_FOULS, HOME_HITS, HOME_HITS_ON_TARGET, HOME_OFFSIDES, HOME_POSSESSION)
VALUES(314, 1, 1, 'MATCH', 2, 'DRAW', 1, 10, 15, 7, 2, 69, 2, 12, 5, 4, 2, 31);


INSERT INTO PUBLIC.FOOTBALL_MATCH_INFO
(ID, FIRST_PERIOD_ID, MATCH_ID, SECOND_PERIOD_ID)
VALUES(107, 313, 314, 315);


INSERT INTO PUBLIC.FOOTBALL_MATCH
(ID, CHAMPIONSHIP, "DATE", MYSCORE_CODE, SEASON, BOOKIE_STATS_ID, GUEST_TEAM_ID, HOME_TEAM_ID, MATCH_INFO_ID, REFEREE_ID)
VALUES(107, 'LA', '2017-10-14 21:45:00.000', '82s4vH8r', 'S2017', 107, 20, 18, 107, 23);


INSERT INTO PUBLIC.FOOTBALL_CARD (ID, MINUTE, TYPE, WHO, TEAM_ID) VALUES (568, 46, 'YELLOW', 'GUEST', 20);
INSERT INTO PUBLIC.FOOTBALL_CARD (ID, MINUTE, TYPE, WHO, TEAM_ID) VALUES (569, 14, 'YELLOW', 'HOME', 18);
INSERT INTO PUBLIC.FOOTBALL_CARD (ID, MINUTE, TYPE, WHO, TEAM_ID) VALUES (570, 33, 'YELLOW', 'GUEST', 20);
INSERT INTO PUBLIC.FOOTBALL_CARD (ID, MINUTE, TYPE, WHO, TEAM_ID) VALUES (571, 92, 'YELLOW', 'HOME', 18);
INSERT INTO PUBLIC.FOOTBALL_CARD (ID, MINUTE, TYPE, WHO, TEAM_ID) VALUES (572, 93, 'YELLOW', 'HOME', 18);

INSERT INTO PUBLIC.FOOTBALL_PERIOD_CARDS (FOOTBALL_PERIOD_ID, CARDS_ID) VALUES (313, 568);
INSERT INTO PUBLIC.FOOTBALL_PERIOD_CARDS (FOOTBALL_PERIOD_ID, CARDS_ID) VALUES (313, 569);
INSERT INTO PUBLIC.FOOTBALL_PERIOD_CARDS (FOOTBALL_PERIOD_ID, CARDS_ID) VALUES (313, 570);
INSERT INTO PUBLIC.FOOTBALL_PERIOD_CARDS (FOOTBALL_PERIOD_ID, CARDS_ID) VALUES (315, 571);
INSERT INTO PUBLIC.FOOTBALL_PERIOD_CARDS (FOOTBALL_PERIOD_ID, CARDS_ID) VALUES (315, 572);




