--   n94Z0PM5
INSERT INTO PUBLIC.FOOTBALL_TEAM
(ID, NAME, CHAMPIONSHIP)
VALUES(2, 'Реал Мадрид', 'LA');


INSERT INTO PUBLIC.FOOTBALL_BOOKIE_STATS
(ID, DRAW_RATE, GUEST_RATE, HOME_RATE)
VALUES(15, 3.89, 3.2, 2.1);


INSERT INTO PUBLIC.FOOTBALL_REFEREE
(ID, NAME)
VALUES(15, 'Санчес M. (Исп)');


INSERT INTO PUBLIC.FOOTBALL_PERIOD
(ID, GUEST_SCORE, HOME_SCORE, PERIOD_STATUS, TOTAL_SCORE, WINNER, GUEST_CORNERS, GUEST_FOULS, GUEST_HITS, GUEST_HITS_ON_TARGET, GUEST_OFFSIDES, GUEST_POSSESSION, HOME_CORNERS, HOME_FOULS, HOME_HITS, HOME_HITS_ON_TARGET, HOME_OFFSIDES, HOME_POSSESSION)
VALUES(37, 0, 0, 'FIRST', 0, 'DRAW', 3, 2, 4, 2, 1, 49, 4, 9, 9, 2, 3, 51);


INSERT INTO PUBLIC.FOOTBALL_PERIOD
(ID, GUEST_SCORE, HOME_SCORE, PERIOD_STATUS, TOTAL_SCORE, WINNER, GUEST_CORNERS, GUEST_FOULS, GUEST_HITS, GUEST_HITS_ON_TARGET, GUEST_OFFSIDES, GUEST_POSSESSION, HOME_CORNERS, HOME_FOULS, HOME_HITS, HOME_HITS_ON_TARGET, HOME_OFFSIDES, HOME_POSSESSION)
VALUES(39, 3, 0, 'SECOND', 3, 'GUEST', 4, 8, 14, 9, 0, 61, 3, 5, 5, 3, 2, 39);


INSERT INTO PUBLIC.FOOTBALL_PERIOD
(ID, GUEST_SCORE, HOME_SCORE, PERIOD_STATUS, TOTAL_SCORE, WINNER, GUEST_CORNERS, GUEST_FOULS, GUEST_HITS, GUEST_HITS_ON_TARGET, GUEST_OFFSIDES, GUEST_POSSESSION, HOME_CORNERS, HOME_FOULS, HOME_HITS, HOME_HITS_ON_TARGET, HOME_OFFSIDES, HOME_POSSESSION)
VALUES(38, 3, 0, 'MATCH', 3, 'GUEST', 7, 10, 18, 11, 1, 55, 7, 14, 14, 5, 5, 45);


INSERT INTO PUBLIC.FOOTBALL_MATCH_INFO
(ID, FIRST_PERIOD_ID, MATCH_ID, SECOND_PERIOD_ID)
VALUES(15, 37, 38, 39);


INSERT INTO PUBLIC.FOOTBALL_MATCH
(ID, CHAMPIONSHIP, "DATE", MYSCORE_CODE, SEASON, BOOKIE_STATS_ID, GUEST_TEAM_ID, HOME_TEAM_ID, MATCH_INFO_ID, REFEREE_ID)
VALUES(15, 'LA', '2017-12-23 15:00:00.000', 'n94Z0PM5', 'S2017', 15, 8, 2, 15, 15);

INSERT INTO PUBLIC.FOOTBALL_CARD (ID, MINUTE, TYPE, WHO, TEAM_ID) VALUES (76, 18, 'YELLOW', 'GUEST', 8);
INSERT INTO PUBLIC.FOOTBALL_CARD (ID, MINUTE, TYPE, WHO, TEAM_ID) VALUES (77, 63, 'RED', 'HOME', 2);
INSERT INTO PUBLIC.FOOTBALL_CARD (ID, MINUTE, TYPE, WHO, TEAM_ID) VALUES (78, 88, 'YELLOW', 'GUEST', 8);
INSERT INTO PUBLIC.FOOTBALL_CARD (ID, MINUTE, TYPE, WHO, TEAM_ID) VALUES (79, 59, 'YELLOW', 'HOME', 2);
INSERT INTO PUBLIC.FOOTBALL_CARD (ID, MINUTE, TYPE, WHO, TEAM_ID) VALUES (80, 83, 'YELLOW', 'HOME', 2);

INSERT INTO PUBLIC.FOOTBALL_PERIOD_CARDS (FOOTBALL_PERIOD_ID, CARDS_ID) VALUES (37, 76);
INSERT INTO PUBLIC.FOOTBALL_PERIOD_CARDS (FOOTBALL_PERIOD_ID, CARDS_ID) VALUES (39, 77);
INSERT INTO PUBLIC.FOOTBALL_PERIOD_CARDS (FOOTBALL_PERIOD_ID, CARDS_ID) VALUES (39, 78);
INSERT INTO PUBLIC.FOOTBALL_PERIOD_CARDS (FOOTBALL_PERIOD_ID, CARDS_ID) VALUES (39, 79);
INSERT INTO PUBLIC.FOOTBALL_PERIOD_CARDS (FOOTBALL_PERIOD_ID, CARDS_ID) VALUES (39, 80);


