--   vVJX2ii0

INSERT INTO PUBLIC.FOOTBALL_TEAM
(ID, NAME, CHAMPIONSHIP)
VALUES(3, 'Атлетик', 'LA');

INSERT INTO PUBLIC.FOOTBALL_BOOKIE_STATS
(ID, DRAW_RATE, GUEST_RATE, HOME_RATE)
VALUES(89, 4.59, 1.44, 7);

INSERT INTO PUBLIC.FOOTBALL_REFEREE
(ID, NAME)
VALUES(24, 'Мартинес Х. (Исп)');


INSERT INTO PUBLIC.FOOTBALL_PERIOD
(ID, GUEST_SCORE, HOME_SCORE, PERIOD_STATUS, TOTAL_SCORE, WINNER, GUEST_CORNERS, GUEST_FOULS, GUEST_HITS, GUEST_HITS_ON_TARGET, GUEST_OFFSIDES, GUEST_POSSESSION, HOME_CORNERS, HOME_FOULS, HOME_HITS, HOME_HITS_ON_TARGET, HOME_OFFSIDES, HOME_POSSESSION)
VALUES(259, 1, 0, 'FIRST', 1, 'GUEST', 3, 6, 11, 3, 3, 64, 2, 6, 6, 2, 3, 36);

INSERT INTO PUBLIC.FOOTBALL_PERIOD
(ID, GUEST_SCORE, HOME_SCORE, PERIOD_STATUS, TOTAL_SCORE, WINNER, GUEST_CORNERS, GUEST_FOULS, GUEST_HITS, GUEST_HITS_ON_TARGET, GUEST_OFFSIDES, GUEST_POSSESSION, HOME_CORNERS, HOME_FOULS, HOME_HITS, HOME_HITS_ON_TARGET, HOME_OFFSIDES, HOME_POSSESSION)
VALUES(261, 1, 0, 'SECOND', 1, 'GUEST', 1, 6, 6, 2, 2, 58, 4, 9, 11, 3, 3, 42);


INSERT INTO PUBLIC.FOOTBALL_PERIOD
(ID, GUEST_SCORE, HOME_SCORE, PERIOD_STATUS, TOTAL_SCORE, WINNER, GUEST_CORNERS, GUEST_FOULS, GUEST_HITS, GUEST_HITS_ON_TARGET, GUEST_OFFSIDES, GUEST_POSSESSION, HOME_CORNERS, HOME_FOULS, HOME_HITS, HOME_HITS_ON_TARGET, HOME_OFFSIDES, HOME_POSSESSION)
VALUES(260, 2, 0, 'MATCH', 2, 'GUEST', 4, 12, 17, 5, 5, 61, 6, 15, 17, 5, 6, 39);


INSERT INTO PUBLIC.FOOTBALL_MATCH_INFO
(ID, FIRST_PERIOD_ID, MATCH_ID, SECOND_PERIOD_ID)
VALUES(89, 259, 260, 261);


INSERT INTO PUBLIC.FOOTBALL_MATCH
(ID, CHAMPIONSHIP, "DATE", MYSCORE_CODE, SEASON, BOOKIE_STATS_ID, GUEST_TEAM_ID, HOME_TEAM_ID, MATCH_INFO_ID, REFEREE_ID)
VALUES(89, 'LA', '2017-10-28 21:45:00.000', 'vVJX2ii0', 'S2017', 89, 20, 3, 89, 24);

INSERT INTO PUBLIC.FOOTBALL_CARD (ID, MINUTE, TYPE, WHO, TEAM_ID) VALUES (465, 41, 'YELLOW', 'HOME', 3);
INSERT INTO PUBLIC.FOOTBALL_CARD (ID, MINUTE, TYPE, WHO, TEAM_ID) VALUES (466, 75, 'YELLOW', 'GUEST', 20);
INSERT INTO PUBLIC.FOOTBALL_CARD (ID, MINUTE, TYPE, WHO, TEAM_ID) VALUES (467, 81, 'YELLOW', 'GUEST', 20);
INSERT INTO PUBLIC.FOOTBALL_CARD (ID, MINUTE, TYPE, WHO, TEAM_ID) VALUES (468, 47, 'YELLOW', 'GUEST', 20);
INSERT INTO PUBLIC.FOOTBALL_CARD (ID, MINUTE, TYPE, WHO, TEAM_ID) VALUES (469, 63, 'YELLOW', 'GUEST', 20);

INSERT INTO PUBLIC.FOOTBALL_PERIOD_CARDS (FOOTBALL_PERIOD_ID, CARDS_ID) VALUES (259, 465);
INSERT INTO PUBLIC.FOOTBALL_PERIOD_CARDS (FOOTBALL_PERIOD_ID, CARDS_ID) VALUES (261, 466);
INSERT INTO PUBLIC.FOOTBALL_PERIOD_CARDS (FOOTBALL_PERIOD_ID, CARDS_ID) VALUES (261, 467);
INSERT INTO PUBLIC.FOOTBALL_PERIOD_CARDS (FOOTBALL_PERIOD_ID, CARDS_ID) VALUES (261, 468);
INSERT INTO PUBLIC.FOOTBALL_PERIOD_CARDS (FOOTBALL_PERIOD_ID, CARDS_ID) VALUES (261, 469);




