-- Вегас - Чикаго 28.10  0-0, 4-0, 3-0

INSERT INTO PUBLIC.HOCKEY_TEAM
(ID, CHAMPIONSHIP, NAME)
VALUES(9, 'NHL', 'Вегас');


INSERT INTO PUBLIC.HOCKEY_BOOKIE_STATS
(ID, DRAW_RATE, GUEST_RATE, HOME_RATE)
VALUES(232, 3.9, 2.65, 2.35);


INSERT INTO PUBLIC.HOCKEY_PERIOD
(ID, GUEST_SCORE, HOME_SCORE, PERIOD_STATUS, TOTAL_SCORE, WINNER, GUEST_PENALTIES_TIME, GUEST_POWERPLAY_GOALS, GUEST_SHOT_HANDED_GOALS, GUEST_SHOTS_ON_TARGET, HOME_PENALTIES_TIME, HOME_POWERPLAY_GOALS, HOME_SHOT_HANDED_GOALS, HOME_SHOTS_ON_TARGET)
VALUES(925, 0, 0, 'FIRST', 0, 'DRAW', 4, 0, 0, 8, 2, 0, 0, 6);


INSERT INTO PUBLIC.HOCKEY_PERIOD
(ID, GUEST_SCORE, HOME_SCORE, PERIOD_STATUS, TOTAL_SCORE, WINNER, GUEST_PENALTIES_TIME, GUEST_POWERPLAY_GOALS, GUEST_SHOT_HANDED_GOALS, GUEST_SHOTS_ON_TARGET, HOME_PENALTIES_TIME, HOME_POWERPLAY_GOALS, HOME_SHOT_HANDED_GOALS, HOME_SHOTS_ON_TARGET)
VALUES(926, 0, 7, 'MATCH', 7, 'HOME', 37, 0, 0, 32, 13, 1, 0, 21);


INSERT INTO PUBLIC.HOCKEY_PERIOD
(ID, GUEST_SCORE, HOME_SCORE, PERIOD_STATUS, TOTAL_SCORE, WINNER, GUEST_PENALTIES_TIME, GUEST_POWERPLAY_GOALS, GUEST_SHOT_HANDED_GOALS, GUEST_SHOTS_ON_TARGET, HOME_PENALTIES_TIME, HOME_POWERPLAY_GOALS, HOME_SHOT_HANDED_GOALS, HOME_SHOTS_ON_TARGET)
VALUES(927, 0, 4, 'SECOND', 4, 'HOME', 2, 0, 0, 13, 4, 0, 0, 7);

INSERT INTO PUBLIC.HOCKEY_GOAL
(ID, "MINUTE", WHO_SCORED, SECONDS, TEAM_ID)
VALUES(1289, 35, 'HOME', 33, 9);

INSERT INTO PUBLIC.HOCKEY_GOAL
(ID, "MINUTE", WHO_SCORED, SECONDS, TEAM_ID)
VALUES(1290, 38, 'HOME', 16, 9);

INSERT INTO PUBLIC.HOCKEY_GOAL
(ID, "MINUTE", WHO_SCORED, SECONDS, TEAM_ID)
VALUES(1291, 28, 'HOME', 50, 9);

INSERT INTO PUBLIC.HOCKEY_GOAL
(ID, "MINUTE", WHO_SCORED, SECONDS, TEAM_ID)
VALUES(1292, 32, 'HOME', 19, 9);

INSERT INTO PUBLIC.HOCKEY_PERIOD_GOALS
(HOCKEY_PERIOD_ID, GOALS_ID)
VALUES(927, 1289);

INSERT INTO PUBLIC.HOCKEY_PERIOD_GOALS
(HOCKEY_PERIOD_ID, GOALS_ID)
VALUES(927, 1290);

INSERT INTO PUBLIC.HOCKEY_PERIOD_GOALS
(HOCKEY_PERIOD_ID, GOALS_ID)
VALUES(927, 1291);

INSERT INTO PUBLIC.HOCKEY_PERIOD_GOALS
(HOCKEY_PERIOD_ID, GOALS_ID)
VALUES(927, 1292);



INSERT INTO PUBLIC.HOCKEY_PERIOD
(ID, GUEST_SCORE, HOME_SCORE, PERIOD_STATUS, TOTAL_SCORE, WINNER, GUEST_PENALTIES_TIME, GUEST_POWERPLAY_GOALS, GUEST_SHOT_HANDED_GOALS, GUEST_SHOTS_ON_TARGET, HOME_PENALTIES_TIME, HOME_POWERPLAY_GOALS, HOME_SHOT_HANDED_GOALS, HOME_SHOTS_ON_TARGET)
VALUES(928, 0, 3, 'THIRD', 3, 'HOME', 31, 0, 0, 11, 7, 1, 0, 8);

INSERT INTO PUBLIC.HOCKEY_GOAL
(ID, "MINUTE", WHO_SCORED, SECONDS, TEAM_ID)
VALUES(1293, 47, 'HOME', 29, 9);

INSERT INTO PUBLIC.HOCKEY_GOAL
(ID, "MINUTE", WHO_SCORED, SECONDS, TEAM_ID)
VALUES(1294, 45, 'HOME', 26, 9);

INSERT INTO PUBLIC.HOCKEY_GOAL
(ID, "MINUTE", WHO_SCORED, SECONDS, TEAM_ID)
VALUES(1295, 53, 'HOME', 31, 9);

INSERT INTO PUBLIC.HOCKEY_PERIOD_GOALS
(HOCKEY_PERIOD_ID, GOALS_ID)
VALUES(928, 1293);

INSERT INTO PUBLIC.HOCKEY_PERIOD_GOALS
(HOCKEY_PERIOD_ID, GOALS_ID)
VALUES(928, 1294);

INSERT INTO PUBLIC.HOCKEY_PERIOD_GOALS
(HOCKEY_PERIOD_ID, GOALS_ID)
VALUES(928, 1295);



INSERT INTO PUBLIC.HOCKEY_MATCH_INFO
(ID, FIRST_PERIOD_ID, MATCH_ID, SECOND_PERIOD_ID, THIRD_PERIOD_ID)
VALUES(232, 925, 926, 927, 928);



INSERT INTO PUBLIC.HOCKEY_MATCH
(ID, CHAMPIONSHIP, "DATE", MYSCORE_CODE, SEASON, BOOKIE_STATS_ID, GUEST_TEAM_ID, HOME_TEAM_ID, MATCH_INFO_ID)
VALUES(232, 'NHL', '2017-10-28 01:00:00.000', 'lAtkXvoI', 'S2017', 232, 1, 9, 232);







