-- Колорадо - Каролина 03.11  2-2, 3-1, 0-0

INSERT INTO PUBLIC.HOCKEY_TEAM
(ID, CHAMPIONSHIP, NAME)
VALUES(23, 'NHL', 'Каролина');


INSERT INTO PUBLIC.HOCKEY_BOOKIE_STATS
(ID, DRAW_RATE, GUEST_RATE, HOME_RATE)
VALUES(187, 3.9, 2.3, 2.65);




INSERT INTO PUBLIC.HOCKEY_PERIOD
(ID, GUEST_SCORE, HOME_SCORE, PERIOD_STATUS, TOTAL_SCORE, WINNER, GUEST_PENALTIES_TIME, GUEST_POWERPLAY_GOALS, GUEST_SHOT_HANDED_GOALS, GUEST_SHOTS_ON_TARGET, HOME_PENALTIES_TIME, HOME_POWERPLAY_GOALS, HOME_SHOT_HANDED_GOALS, HOME_SHOTS_ON_TARGET)
VALUES(745, 2, 2, 'FIRST', 4, 'DRAW', 0, 0, 0, 22, 0, 0, 0, 9);


INSERT INTO PUBLIC.HOCKEY_GOAL
(ID, "MINUTE", WHO_SCORED, SECONDS, TEAM_ID)
VALUES(1033, 12, 'HOME', 21, 1);

INSERT INTO PUBLIC.HOCKEY_GOAL
(ID, "MINUTE", WHO_SCORED, SECONDS, TEAM_ID)
VALUES(1034, 7, 'HOME', 31, 1);

INSERT INTO PUBLIC.HOCKEY_GOAL
(ID, "MINUTE", WHO_SCORED, SECONDS, TEAM_ID)
VALUES(1035, 0, 'GUEST', 55, 23);

INSERT INTO PUBLIC.HOCKEY_GOAL
(ID, "MINUTE", WHO_SCORED, SECONDS, TEAM_ID)
VALUES(1036, 15, 'GUEST', 14, 23);

INSERT INTO PUBLIC.HOCKEY_PERIOD_GOALS
(HOCKEY_PERIOD_ID, GOALS_ID)
VALUES(745, 1033);

INSERT INTO PUBLIC.HOCKEY_PERIOD_GOALS
(HOCKEY_PERIOD_ID, GOALS_ID)
VALUES(745, 1034);

INSERT INTO PUBLIC.HOCKEY_PERIOD_GOALS
(HOCKEY_PERIOD_ID, GOALS_ID)
VALUES(745, 1035);

INSERT INTO PUBLIC.HOCKEY_PERIOD_GOALS
(HOCKEY_PERIOD_ID, GOALS_ID)
VALUES(745, 1036);


INSERT INTO PUBLIC.HOCKEY_PERIOD
(ID, GUEST_SCORE, HOME_SCORE, PERIOD_STATUS, TOTAL_SCORE, WINNER, GUEST_PENALTIES_TIME, GUEST_POWERPLAY_GOALS, GUEST_SHOT_HANDED_GOALS, GUEST_SHOTS_ON_TARGET, HOME_PENALTIES_TIME, HOME_POWERPLAY_GOALS, HOME_SHOT_HANDED_GOALS, HOME_SHOTS_ON_TARGET)
VALUES(746, 3, 5, 'MATCH', 8, 'HOME', 4, 0, 0, 60, 4, 1, 0, 27);



INSERT INTO PUBLIC.HOCKEY_PERIOD
(ID, GUEST_SCORE, HOME_SCORE, PERIOD_STATUS, TOTAL_SCORE, WINNER, GUEST_PENALTIES_TIME, GUEST_POWERPLAY_GOALS, GUEST_SHOT_HANDED_GOALS, GUEST_SHOTS_ON_TARGET, HOME_PENALTIES_TIME, HOME_POWERPLAY_GOALS, HOME_SHOT_HANDED_GOALS, HOME_SHOTS_ON_TARGET)
VALUES(747, 1, 3, 'SECOND', 4, 'HOME', 4, 0, 0, 16, 2, 1, 0, 11);




INSERT INTO PUBLIC.HOCKEY_GOAL
(ID, "MINUTE", WHO_SCORED, SECONDS, TEAM_ID)
VALUES(1037, 31, 'HOME', 25, 1);

INSERT INTO PUBLIC.HOCKEY_GOAL
(ID, "MINUTE", WHO_SCORED, SECONDS, TEAM_ID)
VALUES(1038, 34, 'HOME', 58, 1);

INSERT INTO PUBLIC.HOCKEY_GOAL
(ID, "MINUTE", WHO_SCORED, SECONDS, TEAM_ID)
VALUES(1039, 37, 'GUEST', 34, 23);

INSERT INTO PUBLIC.HOCKEY_GOAL
(ID, "MINUTE", WHO_SCORED, SECONDS, TEAM_ID)
VALUES(1040, 34, 'HOME', 3, 1);


INSERT INTO PUBLIC.HOCKEY_PERIOD_GOALS
(HOCKEY_PERIOD_ID, GOALS_ID)
VALUES(747, 1037);


INSERT INTO PUBLIC.HOCKEY_PERIOD_GOALS
(HOCKEY_PERIOD_ID, GOALS_ID)
VALUES(747, 1038);


INSERT INTO PUBLIC.HOCKEY_PERIOD_GOALS
(HOCKEY_PERIOD_ID, GOALS_ID)
VALUES(747, 1039);


INSERT INTO PUBLIC.HOCKEY_PERIOD_GOALS
(HOCKEY_PERIOD_ID, GOALS_ID)
VALUES(747, 1040);


INSERT INTO PUBLIC.HOCKEY_PERIOD
(ID, GUEST_SCORE, HOME_SCORE, PERIOD_STATUS, TOTAL_SCORE, WINNER, GUEST_PENALTIES_TIME, GUEST_POWERPLAY_GOALS, GUEST_SHOT_HANDED_GOALS, GUEST_SHOTS_ON_TARGET, HOME_PENALTIES_TIME, HOME_POWERPLAY_GOALS, HOME_SHOT_HANDED_GOALS, HOME_SHOTS_ON_TARGET)
VALUES(748, 0, 0, 'THIRD', 0, 'DRAW', 0, 0, 0, 22, 2, 0, 0, 7);


INSERT INTO PUBLIC.HOCKEY_MATCH_INFO
(ID, FIRST_PERIOD_ID, MATCH_ID, SECOND_PERIOD_ID, THIRD_PERIOD_ID)
VALUES(187, 745, 746, 747, 748);


INSERT INTO PUBLIC.HOCKEY_MATCH
(ID, CHAMPIONSHIP, "DATE", MYSCORE_CODE, SEASON, BOOKIE_STATS_ID, GUEST_TEAM_ID, HOME_TEAM_ID, MATCH_INFO_ID)
VALUES(187, 'NHL', '2017-11-03 04:00:00.000', 'YaFolFyG', 'S2017', 187, 23, 1, 187);





